,ZipCode,2017.0,2018.0,2019.0,2020.0,2021.0,2017.0->2018.0,2018.0->2019.0,2019.0->2020.0,2020.0->2021.0,2017.0->2018.0PERCENT,2018.0->2019.0PERCENT,2019.0->2020.0PERCENT,2020.0->2021.0PERCENT,2018.0->2019.0PERCENT_norm,2017.0_norm,2019.0->2020.0_norm,2020.0->2021.0PERCENT_norm,2019.0_norm,2021.0_norm,2020.0->2021.0_norm,2017.0->2018.0_norm,2019.0->2020.0PERCENT_norm,2020.0_norm,2018.0->2019.0_norm,2018.0_norm,2017.0->2018.0PERCENT_norm
0,10000,9360484.0,9060206.0,9065146.0,2710022.957,3147136.0,-300278.0,4940.0,-6355123.043,437113.04300000006,-3.2079324103326283,0.05452414658121461,-70.10502691296973,16.12949594655408,0.49470059936009086,0.05909446332257041,0.9337010580219618,0.3481099244112973,0.05829026614735447,0.04615634905515823,0.05131729327710007,0.6668080359558528,0.08089699158281355,0.04588131750645915,0.529198560739624,0.058722788685523344,0.46166135764951505
1,10002,89448670.0,86450287.0,89263954.0,31159605.781,35866341.0,-2998383.0,2813667.0,-58104348.219,4706735.2190000005,-3.352071081660577,3.2546647300314917,-65.09273409398826,15.105246363129526,0.5831359148776184,0.5978091941806083,0.3666153721783412,0.32019057881753027,0.6053612126104619,0.5646680549869669,0.6029617357466006,0.11587517221086799,0.28353317485909174,0.5595206166400423,1.0,0.5919426437106446,0.45718540904208915
2,10003,115776581.0,116402794.0,115836978.0,35423084.907,40628608.0,626213.0,-565816.0,-80413893.093,5205523.093000002,0.5408805430175901,-0.4860845522316242,-69.41988170047047,14.695284463977707,0.47976097417665986,0.7749043963171554,0.12213975901305016,0.3090156971012715,0.786627365469827,0.6401372232101177,0.6674062105317341,0.8559905695725781,0.10859593413563062,0.6364950469400155,0.4335279077119374,0.798316267226802,0.5780735179910713
3,10004,12350364.0,12325132.0,12535263.0,3799369.972,4386430.0,-25232.0,210131.0,-8735893.028,587060.0279999999,-0.20430167078476388,1.704898576339791,-69.69054441059595,15.451509916813123,0.5403084030211411,0.07920594892292887,0.9076117673091461,0.3296291492385163,0.08196144329911113,0.06579583742570559,0.07069076885188766,0.7229703722776798,0.09765362479421719,0.06554879174533768,0.5635928675281712,0.08121822150963098,0.5549333206976025
4,10005,36613280.0,36139225.0,36880919.0,11146463.753,12960476.0,-474055.0,741694.0,-25734455.247,1814012.2469999995,-1.2947624468498862,2.0523240329586483,-69.77715291476333,16.274329573913246,0.5499094436859807,0.24241092228530695,0.721335716188912,0.3520578489809315,0.2480337503860847,0.2016714865497537,0.2292156558059532,0.6313240721134478,0.0941522298523085,0.19819594245005787,0.6526939533430487,0.24529799830964177,0.5210711631855759
5,10006,5075743.0,4918749.0,4569519.0,1302631.864,1561648.0,-156994.0,-349230.0,-3266887.136,259016.13599999994,-3.09302500146284,-7.09997603049068,-71.49302007497944,19.884062654865314,0.29698726020191135,0.030273070182121452,0.9675430019624132,0.4504531883779894,0.02762363930877227,0.02103061364641552,0.028306786745676816,0.696065557234245,0.0247834230183232,0.020471757756938394,0.4698322550278737,0.030188032388617884,0.46522958574524553
6,10007,27386576.0,27744787.0,26762095.0,7712532.087,8370823.0,358211.0,-982692.0,-19049562.913,658290.9129999997,1.3079802308985249,-3.541897798674756,-71.18113478410415,8.535340995333996,0.39531411893242135,0.18034731952039001,0.7945910497929266,0.14110585039758494,0.17900885137793973,0.12893778759022692,0.0798939536356164,0.8012665653735631,0.03739227235043866,0.1361984690562154,0.36365076379830374,0.18746008218990842,0.6018943201956061
7,10012,36054149.0,36528793.0,36264746.0,10668466.089,12387515.0,474644.0,-264047.0,-25596279.911,1719048.9110000003,1.3164753937195965,-0.722846221609348,-70.58171567229506,16.11336528287296,0.4732181075781866,0.23864991680842695,0.72284988871837,0.34767022926154256,0.24383056638994582,0.19259159033765458,0.2169461868966828,0.8250413132519517,0.06162549362990322,0.18956599568973728,0.4841107089326201,0.24798213288862517,0.6021581211023892
8,10013,32494760.0,32453099.0,32794193.0,10538697.767,12800042.0,-41661.0,341094.0,-22255495.233,2261344.232999999,-0.12820836344075168,1.0510367592321461,-67.86413446124439,21.45752998137003,0.5222390480684803,0.21470761791363038,0.7594593483563883,0.4933432991284437,0.22015641509258022,0.19912903764155243,0.28701191829560735,0.7196156933387703,0.1714914380665921,0.18722311036961967,0.5855450077290012,0.21990048552858743,0.5572962516855394
9,10014,7519449.0,7800960.0,7909125.0,2446274.9639999997,3106585.0,281511.0,108165.0,-5462850.036,660310.0360000003,3.74377165135371,1.3865601156780705,-69.0702199800863,26.992470009189056,0.5315111763131725,0.046710705816497944,0.9434788904129483,0.6442165881961142,0.05040454417251878,0.04551372438908701,0.08015482870504846,0.7856049989596391,0.12273200299979203,0.041119513612515014,0.5465012315109921,0.05004654799828381,0.6775331277128522
10,10017,62895720.0,62463362.0,63643530.0,20088032.956,22718881.0,-432358.0,1180168.0,-43555497.044,2630848.0439999998,-0.6874203840897282,1.889376367541664,-68.43664555375857,13.096593627472142,0.5454064139508125,0.4192002628616128,0.5260466529125306,0.26543803528494614,0.4305931586206057,0.3563160515299692,0.3347526118293883,0.6398382876905193,0.14834604994579612,0.3596303426307496,0.7261913741597582,0.4266720495243114,0.5399310002785476
11,10018,81410028.0,81116784.0,82233996.0,25746633.607,29507558.0,-293244.0,1117212.0,-56487362.393,3760924.392999999,-0.3602062389660399,1.3772883303657601,-68.69100997232337,14.607441308278368,0.5312549521761001,0.5437371134183581,0.3843348551854393,0.3066212383075301,0.5574068118835098,0.46389838711208475,0.480760926334656,0.6682443261534479,0.1380626453641509,0.4617928133578978,0.7156386307247158,0.5551946566341607,0.5500920048424383
12,10025,6324624.0,5181462.0,6100517.0,2367730.975,3122904.0,-1143162.0,919055.0,-3732786.025,755173.0249999999,-18.07478199494547,17.73736833349352,-61.18802758848143,31.894376218142767,0.9833628515761627,0.03867369236363418,0.962437522796227,0.7778344248355292,0.0380672424717161,0.04577233680124987,0.09241133256434807,0.49469742650039134,0.44139203340254346,0.03970145136145514,0.6824233695763314,0.03199813241646531,0.0
13,10026,9827511.0,8730240.0,10239569.0,4019159.97,4958529.0,-1097271.0,1509329.0,-6220409.029999999,939369.0299999998,-11.165299128131224,17.28851669599003,-60.748738838519465,23.372272738872837,0.9709589164526677,0.06223592946351206,0.9351773001916761,0.5455360123450276,0.06630151616690641,0.0748620732481188,0.11620985578134342,0.5040680255134472,0.4591515296776611,0.0695169617261662,0.7813656479672106,0.05644931357851035,0.21456067223892597
14,10034,4495119.0,4301357.0,4318028.0,2008472.055,2250318.0,-193762.0,16671.0,-2309555.9450000003,241845.94500000007,-4.310497675367437,0.38757536284479527,-53.48635870355635,12.041290014363684,0.5039044104507931,0.02636749162538254,0.9780337641560761,0.23667220832486488,0.025908109828621476,0.03194418738771084,0.026088360840328097,0.6885578065966028,0.7527538879591608,0.033215257837358216,0.5311649219003789,0.025934183982209452,0.42742331856422067
15,10035,43218370.0,42047037.0,42285912.0,14433731.958,16753485.0,-1171333.0,238875.0,-27852180.042,2319753.0419999994,-2.710266490846369,0.5681137531759967,-65.86633402160038,16.07174810194712,0.5088935567384704,0.2868401878157201,0.6981289645184044,0.346535813904475,0.28490355817844576,0.26178051325760626,0.29455846305950467,0.4889451189717518,0.25225819903954644,0.25754549943041266,0.5684109636158651,0.2860029906995021,0.4771154135164497
16,10036,81410028.0,81116784.0,82233996.0,25746633.607,29507558.0,-293244.0,1117212.0,-56487362.393,3760924.392999999,-0.3602062389660399,1.3772883303657601,-68.69100997232337,14.607441308278368,0.5312549521761001,0.5437371134183581,0.3843348551854393,0.3066212383075301,0.5574068118835098,0.46389838711208475,0.480760926334656,0.6682443261534479,0.1380626453641509,0.4617928133578978,0.7156386307247158,0.5551946566341607,0.5500920048424383
17,10037,106114090.0,104510399.0,105929442.0,34521764.914,39472366.0,-1603691.0,1419043.0,-71407677.086,4950601.086000003,-1.511289405582237,1.357800767749437,-67.41060439646232,14.340521402462624,0.53071641685126,0.7099094638750194,0.22083295033746878,0.29934544418769343,0.7190437537952332,0.6218138864453643,0.6344697345092897,0.4006608486772102,0.18982667997034766,0.6202222821559547,0.7662318244432219,0.7163773280777207,0.514347335842925
18,10038,28537251.0,29464554.0,29483966.0,9598649.098,10702847.0,927303.0,19412.0,-19885316.902000003,1104197.9020000007,3.249447537886533,0.06588255162457236,-67.44451171189114,11.503680265070575,0.49501448686209,0.18808735714504135,0.7854325721068025,0.22201785783452038,0.1975759171642602,0.16589411774904098,0.13750610342321373,0.9174708959294017,0.1884558803718842,0.17025112373334145,0.5316243708767345,0.19930932564033185,0.6621828451904308
19,10040,4495119.0,4301357.0,4318028.0,2008472.055,2250318.0,-193762.0,16671.0,-2309555.9450000003,241845.94500000007,-4.310497675367437,0.38757536284479527,-53.48635870355635,12.041290014363684,0.5039044104507931,0.02636749162538254,0.9780337641560761,0.23667220832486488,0.025908109828621476,0.03194418738771084,0.026088360840328097,0.6885578065966028,0.7527538879591608,0.033215257837358216,0.5311649219003789,0.025934183982209452,0.42742331856422067
20,10044,2361627.0,2269432.0,2380764.0,893252.993,1230617.0,-92195.0,111332.0,-1487511.007,337364.007,-3.903876437727041,4.905720902851463,-62.48040574370244,37.76802424887033,0.6287625583868454,0.012016516456987831,0.9870420133786404,0.9379403325360142,0.012693189601516537,0.015784659518669673,0.03842950155154712,0.7092970284474895,0.38914397324694416,0.013080680085207061,0.5470320870046508,0.011934163050303209,0.44005015732718783
21,10453,3154608.0,3246064.0,3052099.0,1433743.994,1518048.0,91456.0,-193965.0,-1618355.006,84304.00600000005,2.8991240750039307,-5.975390503699249,-53.024328699691594,5.87999017626574,0.32806498110035337,0.017350518478091638,0.9856081801442473,0.06872538923851065,0.01727265758866929,0.02033967050220933,0.005733600741475952,0.7467971892491003,0.7714327640590816,0.022838904684108787,0.49585791913362776,0.018663185254749463,0.651304225307288
22,10454,3605579.0,3420568.0,3288037.0,1680023.954,1793104.0,-185011.0,-132531.0,-1608013.046,113080.04600000009,-5.131242444001366,-3.874531949079802,-48.90495593571484,6.73085914821427,0.3861218333824975,0.020383983624746107,0.985721510874507,0.09191866680218573,0.01888209329208539,0.024698570902961108,0.009451527501251163,0.6903446953539463,0.9379701162312007,0.02728533424434587,0.5061555435091979,0.019865522768536325,0.4019366717790508
23,10455,8592047.0,8667470.0,8837013.0,3700214.105,4446078.0,75423.0,169543.0,-5136798.895,745863.895,0.8778234104166329,1.9560840706688343,-58.12822607593765,20.157317220972,0.5472498694552391,0.05392555699178701,0.9470518701877224,0.4579016548354516,0.05673407174319988,0.06674109835840308,0.09120857278443305,0.7435233705487817,0.5650932061945289,0.06375859501922265,0.5567894691143346,0.05601682649660735,0.5885366292728832
24,10458,24325082.0,22748002.0,21484541.0,9461301.921,12302333.0,-1577080.0,-1263461.0,-12023239.079,2841031.079,-6.483349161988436,-5.55416251502,-55.96228040896941,30.02790844983119,0.33970554160457334,0.1597541209650688,0.8715879063992202,0.7269576077916916,0.14300836042562834,0.19124168394064145,0.3619087156670696,0.40609461587200724,0.6526577158888013,0.16777140695968307,0.3165880021629805,0.15303209169211193,0.3599496038693168
25,10459,4281866.0,3930506.0,3860035.0,1813408.089,2172905.0,-351360.0,-70471.0,-2046626.911,359496.9110000001,-8.205768232821859,-1.7929243715694618,-53.02094180493182,19.824380026794955,0.4436466883381902,0.024933041199702168,0.9809150303212599,0.44882633888153234,0.02278394040226943,0.03071739881838897,0.04128912073657522,0.6563774735626837,0.7715696889060656,0.029693500790786167,0.5165580985885982,0.023379010064560737,0.3064631996276691
26,10461,28645809.0,27514201.0,28182956.0,10905459.168000001,13072500.0,-1131608.0,668755.0,-17277496.832,2167040.8319999985,-3.95034401018313,2.4305812114987457,-61.304771692508055,19.871156258681598,0.5603625134992128,0.18881757462995835,0.8140099552062227,0.4501013814148677,0.18870116216717886,0.20344676670540862,0.2748277144191979,0.49705666689604294,0.43667232118413984,0.1938447564627909,0.6404678501374994,0.18587133810407627,0.4386071964318978
27,10462,12483351.0,11888605.0,11896986.0,5457090.072000001,6091057.0,-594746.0,8381.0,-6439895.927999999,633966.9279999994,-4.764313684682903,0.07049607586424143,-54.13048252725522,11.617307386089253,0.4951419807834173,0.0801004885484439,0.9327720877916313,0.22511514477696506,0.0776074783063193,0.09280960667063134,0.07675124203471954,0.6066798724776864,0.7267133516406573,0.095477884048419,0.529775344368825,0.0782105380875843,0.4133309371359115
28,10463,6990408.0,6647488.0,6314561.0,3002499.012,3255720.0,-342920.0,-332927.0,-3312061.988,253220.9879999999,-4.905579187938672,-5.0083129145927,-52.45118366898348,8.433674315560436,0.3547899981714342,0.043152101306116505,0.9670479605034894,0.13833458525488554,0.03952732967980464,0.047877114430628066,0.027558041059124464,0.6581008584457805,0.794603780933163,0.051161788465661544,0.47256497909264106,0.04209909317373676,0.40894420922486846
29,10466,2139662.0,2040678.0,2101489.0,961523.0260000001,1024743.0,-98984.0,60811.0,-1139965.974,63219.97399999993,-4.626151233232164,2.9799409803996513,-54.2456312643083,6.574982843936586,0.5755439729471623,0.010523464594945351,0.9908505305637778,0.08766973716683538,0.010788133374577548,0.012522108397791118,0.003009498092996272,0.7079107654177095,0.7220581366665525,0.01431325253166012,0.5385637098669391,0.01035804149647751,0.4176213057543544
30,10467,10487934.0,9818788.0,9576144.0,4447522.024,5139199.0,-669146.0,-242644.0,-5128621.976,691676.9759999998,-6.380150752283528,-2.4712214990281898,-53.55623282189575,15.551962919295928,0.4249020679325545,0.0666782775358914,0.9471414756591751,0.33236733155036247,0.061776005729677876,0.07772520852022276,0.08420750536237384,0.5914879488636584,0.7499290281272549,0.07725076881054883,0.4876982997538319,0.06394944020000705,0.36315423156535187
31,10468,20507275.0,19187304.0,18769409.0,9085709.919,10002871.0,-1319971.0,-417895.0,-9683699.081,917161.0810000002,-6.436598719235004,-2.1779766453900975,-51.59298878829909,10.094545051257214,0.4330058372761549,0.13407356839926424,0.8972253848312589,0.18360716803832589,0.12448726428898414,0.1548013742098467,0.11334054061960395,0.45859435093221035,0.8292987481686295,0.16099032992734383,0.45832256368841146,0.12849878139168416,0.3614013487564517
32,10469,9911512.0,9350156.0,9202200.0,4056912.028,4747150.0,-561356.0,-147956.0,-5145287.972,690237.9720000001,-5.663676742761346,-1.5823907109143418,-55.913672513094696,17.013875756637432,0.4494647485832253,0.06280096381335744,0.9469588439822796,0.37221665186664304,0.05922517108380383,0.07151228263162432,0.08402158292554715,0.6134978607770465,0.6546228282341621,0.07019855135550909,0.503569990623285,0.06072055241656963,0.3854029509106358
33,10472,7199251.0,6575012.0,6569426.0,3284454.922,3628993.0,-624239.0,-5586.0,-3284971.078,344538.0780000002,-8.670888124334045,-0.08495801984848088,-50.0039284710719,10.48996214538396,0.49084603451344927,0.04455688778157227,0.9673448319489117,0.19438558248268079,0.04126587468125055,0.05379249104226285,0.03935640707945951,0.6006576224353675,0.893541027961082,0.05625232483292239,0.5274341828026957,0.041599731476301645,0.29201979792623844
34,10473,799739.0,792928.0,795756.0,361498.964,401426.0,-6811.0,2828.0,-434257.036,39927.03600000002,-0.8516528517428811,0.3566528108478954,-54.571632007801384,11.044854889266025,0.503049871229424,0.001510446641017731,0.9985839301605955,0.20951103875293778,0.001881160740543975,0.0026442045487734783,0.0,0.7267318027198035,0.7088786300430566,0.0034801960128498597,0.5288445453298964,0.0017610085755842624,0.5348310775575054
35,11101,49539603.0,48926371.0,45774196.0,17718460.038,21057602.0,-613232.0,-3152175.0,-28055735.962,3339141.962000001,-1.2378621605021745,-6.442691202255732,-61.29159747994263,18.845554042725446,0.3151512094579065,0.3293600837500087,0.6958983292169456,0.4221451653007488,0.3086986603377212,0.3299892319046547,0.42626572174716126,0.6029051695216525,0.43720492617118656,0.31684919605377093,0.0,0.3334017972487469,0.52283809190147
36,11201,45622424.0,44711622.0,45345362.0,15384494.312,17783835.0,-910802.0,633740.0,-29960867.688,2399340.687999999,-1.9963910729513188,1.417394341006014,-66.07261771997763,15.595837206871977,0.5323632746427637,0.3030111035058094,0.6750212450135245,0.3335632718927744,0.3057733971311214,0.27810879923542386,0.3048413594834364,0.5421436008411915,0.24391859422775602,0.27471091490143273,0.6345986031812442,0.30436205699124186,0.4992834386075992
37,11203,1348244.0,1307405.0,1284232.0,607427.003,690326.0,-40839.0,-23173.0,-676804.997,82898.99699999997,-3.029051121310386,-1.7724423571884764,-52.701147222620214,13.647565319054472,0.44421270516057115,0.005199976123547003,0.9959260067550594,0.28045661017002205,0.005213267966433329,0.007222495245130542,0.005552070532356654,0.7197835395916027,0.7844982938244878,0.007920271861086715,0.5244862334604236,0.0053057697104609575,0.4672161712822282
38,11204,14705343.0,14332130.0,14199382.0,6436142.797,7485130.0,-373213.0,-132748.0,-7763239.203,1048987.2029999997,-2.537941481541777,-0.9262265971631573,-54.673078046636114,16.298382992511463,0.4675977270939072,0.09504676067712857,0.9182704401600461,0.35271350529500084,0.09331312269510963,0.11490192735579086,0.1303727614054101,0.6519152543861064,0.7047773855905938,0.11315406434936866,0.5061191697668158,0.09504649470391423,0.4824666345199139
39,11206,10280729.0,9885697.0,9361049.0,4142132.069,5344504.0,-395032.0,-524648.0,-5218916.931,1202371.9309999999,-3.8424512502955777,-5.307142227806497,-55.75141131084774,29.02785113972183,0.3465319032812855,0.06528450909909049,0.9461519926995704,0.6996977034613785,0.060308749193527335,0.08097874251612303,0.1501904008294602,0.6474599777552666,0.6611826985180024,0.07173714552056831,0.440428526266703,0.0644104451094072,0.441957598124385
40,11207,149240486.0,145674623.0,147116707.0,55556988.77,63336724.0,-3565863.0,1442084.0,-91559718.22999999,7779735.229999997,-2.389340249133201,0.9899349456356581,-62.23611178980507,14.00316216238297,0.5205505103235938,1.0,0.0,0.2901495905935501,1.0,1.0,1.0,0.0,0.39902025067187186,1.0,0.7700939783520918,1.0,0.4870811593600077
41,11208,16818774.0,15516299.0,15052507.0,7213312.853,7678753.0,-1302475.0,-463792.0,-7839194.147,465440.1469999999,-7.744173267326144,-2.989063306913588,-52.078993532439476,6.452515737015682,0.4105916017282426,0.10926279514133823,0.9174380999392029,0.08433148686405126,0.0991326593296359,0.11797033296153936,0.054977216532299,0.46216690329176724,0.8096506250514361,0.1271853802157896,0.45062926574320944,0.10320545272988195,0.3207971415460357
42,11209,23732850.0,24051532.0,24209974.0,10012558.935,11804631.0,318682.0,158442.0,-14197415.065,1792072.0649999995,1.3427885820708427,0.6587605313457787,-58.642834829149336,17.89824236375393,0.5113985643214338,0.15577046097200167,0.8477625432952843,0.39632301943100084,0.16159972416300192,0.18335444117096925,0.22638093672118204,0.793195039183524,0.54428868471157,0.17772400514240824,0.5549287091411406,0.16201345039647738,0.6029752264473506
43,11210,9360484.0,9060206.0,9065146.0,2710022.957,3147136.0,-300278.0,4940.0,-6355123.043,437113.04300000006,-3.2079324103326283,0.05452414658121461,-70.10502691296973,16.12949594655408,0.49470059936009086,0.05909446332257041,0.9337010580219618,0.3481099244112973,0.05829026614735447,0.04615634905515823,0.05131729327710007,0.6668080359558528,0.08089699158281355,0.04588131750645915,0.529198560739624,0.058722788685523344,0.46166135764951505
44,11211,36069311.0,32844871.0,32695119.0,13371641.804,17616601.0,-3224440.0,-149752.0,-19323477.196000002,4244959.196,-8.939566380960258,-0.45593724511811906,-59.10202436027225,31.74598346427558,0.48059408964364103,0.2387519042944373,0.791589403516888,0.773789484377778,0.21948058825298572,0.27545858855243815,0.5432992723592036,0.06971602333430461,0.5257246427955035,0.2383701306493622,0.5032689434282704,0.22259980573013757,0.2836765125503413
45,11212,10531237.0,11151428.0,11066517.0,5267203.924,5683182.0,620191.0,-84911.0,-5799313.076,415978.07600000035,5.8890612755177765,-0.7614361138322374,-52.40414012828065,7.897512266510081,0.4721516827741741,0.06696955600223531,0.9397918134924629,0.12371969667309118,0.0719424881005014,0.08634588109854191,0.04858660971618394,0.8547609222069372,0.7965056497744493,0.09204960924462759,0.514137652321332,0.07313136763074171,0.7441509618952912
46,11213,23481043.0,22040649.0,22207448.0,9058164.923,10589489.0,-1440394.0,166799.0,-13149283.077,1531324.0769999996,-6.134284580118524,0.7567789859545424,-59.211139780671786,16.905455906546198,0.514107286870904,0.1540766763202533,0.8592483316379721,0.36926130649681543,0.14793962345256517,0.16409769726874454,0.19269173132173362,0.4340048748922629,0.5213133417951679,0.16049302237357044,0.556329517275181,0.1481584094419075,0.370789131629133
47,11214,9604654.0,9684839.0,9800361.0,4309778.89,5110004.0,80185.0,115522.0,-5490582.11,800225.1100000003,0.8348556855874246,1.1928128077296896,-56.024284309526976,18.567660439767952,0.526157003937841,0.0607368775462314,0.9431749928734069,0.41457024638955275,0.06330548739483079,0.07726254601804157,0.09823215962759821,0.7444957353370881,0.6501510319796637,0.07476390328264597,0.5477344187123964,0.06302652778748793,0.5872023493996077
48,11215,6797266.0,7070163.0,7252286.0,2959906.0640000002,3615917.0,272897.0,182123.0,-4292379.936,656010.9359999998,4.014805364392095,2.575937782481111,-59.18657835612109,22.16323497487857,0.5643794164702418,0.041852927910587444,0.9563053015748643,0.5125796472996933,0.04592395970542943,0.05358527148828028,0.07959937566380472,0.7838460845777676,0.5223063071917491,0.05039279961636646,0.5588981404468976,0.045011335922555476,0.685949557247432
49,11216,8520622.0,8412814.0,8544330.0,3131777.7939999998,3625579.0,-107808.0,131516.0,-5412552.206,493801.20600000024,-1.2652597427746473,1.563281917322789,-63.346713036598544,15.767440683245368,0.5363948518517098,0.05344511534897673,0.9440300712146895,0.3382408981661889,0.054737553717350146,0.05373838829239313,0.058641526847118715,0.7061089706062823,0.3541210386905104,0.053495835449412256,0.5504153479089792,0.054262239427480534,0.5219873127934797
50,11217,46222292.0,47553768.0,47765449.0,16729162.172,19283099.0,1331476.0,211681.0,-31036286.828,2553936.8279999997,2.8805927667974576,0.4451403304150367,-64.97643689688755,15.26637617438239,0.5054952080851713,0.3070461272004446,0.6632364347385468,0.32458271034350666,0.3222818630127223,0.3018681153398997,0.3248155159644517,1.0,0.2882348195948047,0.29898804618489055,0.5638526799737573,0.3239445236135501,0.6507287712504666
51,11218,1137998.0,1149528.0,1177275.0,538215.107,612635.0,11530.0,27747.0,-639059.893,74419.89300000004,1.0131827999697716,2.413773305217446,-54.28297492089784,13.827165390212661,0.559898030000312,0.003785752341477834,0.9963396304975651,0.2853522103601294,0.004483667755656448,0.005991301120898363,0.004456551911291464,0.7304768977601918,0.7205484132098087,0.006670694671393916,0.533021491350257,0.004217992698678258,0.5927399542070636
52,11221,25840160.0,24731113.0,23926351.0,9686586.86,13026678.0,-1109047.0,-804762.0,-14239764.14,3340091.1400000006,-4.291950978631711,-3.2540468356600045,-59.51498471287996,34.481610378085236,0.40326882906855793,0.16994532241142113,0.8472984676659481,0.8483581387939191,0.15966500833719183,0.20272061081655962,0.4263883576027546,0.5016634543779795,0.5090295468146873,0.1718387846393197,0.39347555634225645,0.1666957827782955,0.4279992504821565
53,11222,5699942.0,5739282.0,6226141.0,2482886.992,3226545.0,39340.0,486859.0,-3743254.008,743658.0079999999,0.6901824615057487,8.482925216081036,-60.12157463186265,29.95134335135298,0.7276179629734897,0.03447175681846076,0.9623228110628868,0.7248705701404905,0.038924178407453214,0.047414768874843305,0.09092356740126216,0.7361554917884998,0.48450642527417503,0.041780520718247165,0.6099782729747117,0.03584152805175497,0.5827098012867779
54,11223,30086172.0,29481180.0,29642507.0,13148968.914,15604211.0,-604992.0,161327.0,-16493538.086,2455242.085999999,-2.010863994262879,0.5472202944386894,-55.6415086146391,18.672506582518785,0.5083161697245242,0.19850620418492015,0.8226008429274692,0.41742817842194546,0.19865739427203977,0.2435676006173672,0.312063941309603,0.6045877159004104,0.665625827380537,0.2343499118692413,0.5554122955317958,0.19942387925230762,0.49883400993316335
55,11224,5826133.0,5634359.0,5612531.0,2301366.982,2837298.0,-191774.0,-21828.0,-3311164.018,535931.0180000002,-3.2916172699799335,-0.3874087540392793,-58.99591499806416,23.287507911243694,0.4824878622990796,0.03532058301864097,0.9670578007654757,0.5432254636710789,0.034738477748919395,0.041246247176383984,0.06408478990274062,0.6889637413297303,0.5300144153495534,0.03850329126669726,0.5247116836148191,0.035118605603220505,0.4590626856376942
56,11225,19254044.0,19376130.0,19333490.0,7811831.773,9356483.0,122086.0,-42640.0,-11521658.227,1544651.227,0.6340797808501943,-0.22006458462035505,-59.59430101342282,19.773226970129738,0.4871123886399271,0.1256436858586864,0.8770844007041121,0.44743199136084433,0.12833510609919976,0.14455785684523315,0.19441362799745895,0.7530516061885852,0.5058229599303906,0.1379912623437921,0.5212231567647954,0.1297997978920413,0.5809676406782499
57,11226,22523010.0,21840474.0,21555946.0,9568294.827,11302936.0,-682536.0,-284528.0,-11987651.173,1734641.1730000004,-3.0303942501468497,-1.3027556086923753,-55.61180740107625,18.12905229576702,0.4571924148684712,0.1476324488314684,0.871977890829192,0.4026145155298343,0.14349544498344619,0.1754039200532508,0.21896074095398974,0.5887538109981768,0.6668265833563766,0.16970309648884357,0.4806776646112988,0.14677919800937708,0.4671744630051241
58,11227,10722794.0,10776500.0,9999534.0,3961193.9979999997,5034057.0,53706.0,-776966.0,-6038340.002,1072863.0020000003,0.500858265112619,-7.2098176587945995,-60.386214017573224,27.084333727196576,0.2939518063514612,0.06825806786463375,0.9371724747911625,0.6467206408528944,0.06466413304477481,0.07605898961957763,0.13345756640335688,0.7390889215551547,0.47380762594188336,0.06847042261113355,0.3981347477858113,0.07054810306735589,0.5768307032946102
59,11229,9861619.0,9651036.0,9801725.0,4342245.982,5251532.0,-210583.0,150689.0,-5459479.018,909286.0180000002,-2.135379596392844,1.5613764159619756,-55.699165381603756,20.9404538980353,0.5363421936607121,0.062465357584659736,0.9435158311796557,0.47924866233042235,0.06331479183201114,0.07950538549770243,0.11232306540541132,0.6851230841891893,0.6632948887024288,0.07535007617955458,0.5536291440504123,0.0627936241578947,0.4949674179157556
60,11231,6521333.0,6954535.0,7151879.0,2304798.941,3002774.0,433202.0,197344.0,-4847080.059,697975.0589999999,6.642844338726453,2.837630409509766,-67.77351880533774,30.283555176277734,0.5716112456466144,0.039996859253596626,0.9502267081540128,0.7339261137311446,0.04523903989313595,0.043868598271123965,0.08502123134138227,0.8165791667679121,0.17515483350679117,0.038565253124848944,0.5614494986625526,0.044214655720129475,0.7675582419887348
61,11233,575188.0,537340.0,519984.0,214949.97,259323.0,-37848.0,-17356.0,-305034.03,44373.03,-6.580109459863557,-3.2299847396434287,-58.66219537524232,20.643422281007993,0.4039337808098169,0.0,1.0,0.4711520728836064,0.0,0.0003922528602154034,0.0005744320645370219,0.7203942794239893,0.5435059796087137,0.0008343462289510509,0.525461284425568,0.0,0.3569448993265444
62,11235,8255136.0,7961739.0,7915790.0,3455879.9299999997,3999622.0,-293397.0,-45949.0,-4459910.07,543742.0700000003,-3.554114674791548,-0.5771226612678462,-56.34194527646641,15.733824120446233,0.47724515223484465,0.05165931863937743,0.9544694491419873,0.3373245663954445,0.05045000903601372,0.059665967340290275,0.06509399475694559,0.6682130846976286,0.6373086845268788,0.05934729538162265,0.5206684990987023,0.05115431987244794,0.45091133470116285
63,11237,4806462.0,4561555.0,5398117.0,2223220.987,2410131.0,-244907.0,836562.0,-3174896.013,186910.0129999998,-5.095369525443038,18.339403997101865,-58.81487957745265,8.407172030712742,1.0,0.028461746331682598,0.9685510721103345,0.13761217690670413,0.033275866609924154,0.03447679511030313,0.01899051931467022,0.678114380074567,0.5373332867713523,0.03709241454663389,0.6685958159803763,0.02772695558866153,0.4030506361189893
64,11238,64426355.0,64007375.0,64981881.0,20529720.915,23400488.0,-418980.0,974506.0,-44452160.085,2870767.085000001,-0.6503239241145956,1.522490181795457,-68.40700730869887,13.98346863498997,0.5352675794998253,0.429496108769109,0.5162207130294358,0.289612777685697,0.4397226328176517,0.3671176956513671,0.3657506721154287,0.6425699752457406,0.14954426024092513,0.3676047405366872,0.6917181179119394,0.4373103429254632,0.5410829593387803
65,11354,3614423.0,3411888.0,3506051.0,1658888.037,1930569.0,-202535.0,94163.0,-1847162.963,271680.963,-5.603522332610212,2.759850264721468,-52.68499981888455,16.3772935207441,0.5694618051873656,0.02044347296165915,0.9831008243958177,0.3548644754729408,0.02036926159665929,0.026877022722188258,0.029943109853763396,0.686766425603782,0.7851510985150727,0.026903738575207718,0.5441542032122205,0.01980571732213011,0.3872709301688454
66,11368,7084849.0,6896657.0,6883317.0,3622647.048,4656086.0,-188192.0,-13340.0,-3260669.952,1033438.952,-2.656259858184698,-0.19342704733612243,-47.370620182101156,28.527177456344898,0.487848512242285,0.04378736051771813,0.9676111319883346,0.6860501688935166,0.043407061698098125,0.07006916229942266,0.12836389366472722,0.6896951589424379,1.0,0.062358170660109576,0.5261344500910349,0.04381587465709965,0.47879248539470903
67,11373,77114272.0,75838990.0,76814517.0,25851194.928,29652761.0,-1275282.0,975527.0,-50963322.072,3801566.0720000006,-1.653756129604647,1.2863132802797084,-66.34595134146323,14.705571957458883,0.5287408728571507,0.5148416276675408,0.4448691759102049,0.3092961171184652,0.5204381887854341,0.4661994654920887,0.48601191938013066,0.4677195105341901,0.23286830570327574,0.4636806021513986,0.6918892588841609,0.5188305061491333,0.5099233063363551
68,11375,9544963.0,9043186.0,9337397.0,3710353.914,4349121.0,-501777.0,294211.0,-5627043.086,638767.0860000001,-5.2569821381182935,3.253399852662546,-60.26350904861387,17.21579937670604,0.5831009602166287,0.06033536488118431,0.9416796068864156,0.3777207549909918,0.06014740861567554,0.06520458977049484,0.0773714328559497,0.6256634470270488,0.4787683230673179,0.06394166288423594,0.57768643554422,0.058605520402362776,0.3980320679444539
69,11377,2140551.0,2097374.0,2008091.0,902164.799,1067116.0,-43177.0,-89283.0,-1105926.201,164951.201,-2.01709746696061,-4.256894573881435,-55.07351016462899,18.283932290734388,0.3755553102924447,0.010529444470625553,0.9912235500235285,0.4068362874251151,0.010151024999378738,0.013193606880576643,0.016153393193505804,0.7193061374758823,0.6885887791021561,0.013241577129503716,0.5134048136038467,0.010748678545952937,0.4986404414536999
70,11385,34483411.0,33730403.0,33672976.0,13854213.856,16759569.0,-753008.0,-57427.0,-19818762.144,2905355.1439999994,-2.1836818869223813,-0.17025293175418035,-58.856580255929856,20.970913068024746,0.4884889248022604,0.22808431729642784,0.7861619018785668,0.48007892880765274,0.22615097610333348,0.2618769283513987,0.3702195243315355,0.5743639556093626,0.5356474183211588,0.24708266510387922,0.5187445460339043,0.2287011463484541,0.4934674833871567
71,11414,1764869.0,1886786.0,1772739.0,494486.954,692503.0,121917.0,-114047.0,-1278252.046,198016.04599999997,6.907991471321667,-6.04451167222992,-72.10604866254988,40.04474625633904,0.326154829909008,0.008002412237454366,0.989335144551407,1.0,0.008545586656804055,0.007256994860381389,0.020425442858203215,0.753017097652419,0.0,0.005881210410824076,0.5092538488280447,0.009297721247820245,0.7757918751141735
72,11417,641464.0,732091.0,601436.0,168736.991,234571.0,90627.0,-130655.0,-432699.00899999996,65834.00899999999,14.128150605489942,-17.84682505316962,-71.9443147733092,39.015753812985785,0.0,0.0004458067948042589,0.9986010035526482,0.9719513719075187,0.0005556195140869554,0.0,0.003347237082707476,0.7466279136486161,0.006538552156818963,0.0,0.5064700003788233,0.0013418399185549036,1.0
73,11418,7811007.0,7680149.0,7625674.0,3054242.01,3508016.0,-130858.0,-54475.0,-4571431.99,453773.9900000002,-1.6753025570198568,-0.7092961347494691,-59.94790742431424,14.857172041844851,0.4735925618171474,0.048671876337946736,0.9532473538492614,0.3134284840888911,0.048471001633508544,0.05187532983224835,0.05346992375351368,0.7014023329812373,0.49152741574077163,0.05209597570461711,0.5192393630270463,0.04921415677872377,0.509254223564219
74,11419,6087169.0,5779741.0,5766821.0,2655372.938,2908221.0,-307428.0,-12920.0,-3111448.062,252848.06199999992,-5.050426561181396,-0.2235394284968825,-53.95430276056774,9.52212995702376,0.48701636194779246,0.037076446717242646,0.9692463564297776,0.168004081546888,0.035790956937011474,0.04237018664006599,0.027509858211351948,0.6653480594257412,0.7338359194517114,0.044894645834313684,0.5262048508827422,0.036120291710297486,0.40444625324551875
75,11420,2306419.0,2296755.0,2216647.0,1019114.994,1076417.0,-9664.0,-80108.0,-1197532.006,57302.00600000005,-0.4190045260639979,-3.487877461897329,-54.024479585608354,5.622722297028638,0.39680696132565285,0.011645158778076104,0.9902197023218673,0.06171269336161235,0.011573676172829592,0.013341002802234022,0.002244883796147473,0.7261492414554108,0.7309988218410481,0.015353039240036344,0.5149427356607835,0.012122419295943414,0.5482661373716862
76,11421,8384085.0,7880275.0,7718919.0,3316278.939,4055767.0,-503810.0,-161356.0,-4402640.061000001,739488.0610000002,-6.009123237658015,-2.0475935167237185,-57.03700299225838,22.298729226407822,0.4366089518334978,0.052526696579856855,0.955097033462749,0.516272995967472,0.049107066329170265,0.06055571511165395,0.09038480120764611,0.625248323630445,0.6092090008548796,0.056826887415741906,0.5013238701259605,0.05059303059986316,0.3746757758678263
77,11427,8795984.0,8585923.0,8699484.0,3653074.0760000004,4507288.0,-210061.0,113561.0,-5046409.924,854213.9239999996,-2.3881466814855505,1.3226417241337944,-58.00815225362791,23.383427388237816,0.5297448029379452,0.0552973431634328,0.9480423834067688,0.545840069594001,0.05579592662518111,0.06771111280466136,0.10520763145412902,0.6852296726855135,0.5699475317383392,0.06290751148641702,0.5474057140634968,0.05545496535166639,0.48711822330267585
78,11432,13602878.0,12684786.0,12096533.0,5374506.953,5900303.0,-918092.0,-588253.0,-6722026.047,525796.0470000003,-6.7492482105625005,-4.637468854421352,-55.56985664404834,9.78314944232244,0.36503820777780566,0.08763100854915046,0.9296804095783611,0.17511903998543135,0.07896867517290956,0.08978666702544999,0.06277532967504963,0.5406550373580428,0.6685225619427618,0.09398689784922447,0.42976699684637976,0.08369624777942136,0.3516926214424905
79,11435,20400212.0,19267192.0,18709903.0,7937720.025,9274061.0,-1133020.0,-557289.0,-10772182.975,1336340.9749999996,-5.553961890199965,-2.8924245940975726,-57.57476655544392,16.83532514111317,0.413262195358813,0.13335340706073853,0.8852974065193248,0.3673496580972783,0.12408134798483865,0.14325168905092667,0.1674994917839175,0.4967683470554111,0.5874683803675248,0.1402640954438924,0.434957211404526,0.12904921197952976,0.3888099341789826
80,11691,4776610.0,4341397.0,4316109.0,2136645.8479999998,2208410.0,-435213.0,-25288.0,-2179463.1520000002,71764.15200000023,-9.11133628242624,-0.582485315210749,-50.49601740827213,3.3587293873327124,0.4770969562474857,0.028260946276783435,0.9794593654185262,0.0,0.025895019495081075,0.031280057908642196,0.004113424415953974,0.6392553180410832,0.873646934046793,0.03552935494068286,0.524131715187898,0.02621006071885747,0.2783425293508218
81,11692,3304605.0,2965310.0,2968344.0,1427251.898,1492734.0,-339295.0,3034.0,-1541092.102,65482.101999999955,-10.26733906170329,0.10231645258000008,-51.917570941912395,4.5879849304638975,0.49602133123111253,0.018359476197330193,0.98645485343754,0.03350746818659686,0.016701328310046875,0.019938511448254388,0.0033017699353080306,0.6588410563369209,0.8161765920729765,0.022721693979826162,0.5288790752420195,0.01672878222475751,0.2424450912627944
82,11693,5449133.0,5015174.0,5230925.0,2161568.83,2279029.0,-433959.0,215751.0,-3069356.17,117460.16999999993,-7.9638173632392535,4.301964398443603,-58.67712058574727,5.4340240463219445,0.6120778548337591,0.03278468523299903,0.9697076137599521,0.056569091880413876,0.0321353772689721,0.032399179787098546,0.010017449018969829,0.6395113754632873,0.5429025855532299,0.03597932368314188,0.5645348971695865,0.03085240337591272,0.3139765175165912
83,11694,9391774.0,8745051.0,8735165.0,4082624.836,4400955.0,-646723.0,-9886.0,-4652540.164,318330.1639999999,-6.886057948157612,-0.11304679641090715,-53.26218982698094,7.7971936385878555,0.49006980617190526,0.059304936112259364,0.9523585427738513,0.12098517718899372,0.05603932224324005,0.06602601974610914,0.035970287767056255,0.5960665577776013,0.7618165519333301,0.0706627799089322,0.5267134127923603,0.056551361788962244,0.34744425874544654
